合併教室,合併教室,合併教室,exhibition-01.png
共通ゼミ室,共通ゼミ室,共通ゼミ室,exhibition-02.png
共通ゼミ室,共通ゼミ室,共通ゼミ室,exhibition-03.png
機械工学科 学科展,3M教室,3M,exhibition-07.png
○ance ○ance Revolution RETURNS,5ED教室,E,exhibition-11.png
都市力,4M教室,C,exhibition-15.png
「感染高専」～生還を祈る。～,1M教室,1M,exhibition-04.png
巨大迷路,1E教室,1E,exhibition-08.png
THE DIORAMA,1C教室,1C,exhibition-12.png
ACT THE MOVIE 1Aの日常,1A教室,1A,exhibition-16.png
world of DANBORU,2M教室,2M,exhibition-05.png
2Eのエクストラエキシビション,2E教室,2E,exhibition-09.png
2Cサーキット,2C教室,2C,exhibition-13.png
2A展示,2A教室,2A,exhibition-17.png
模型とラジコン,3C教室,3C,exhibition-14.png
列車とCADとエコラン,3M教室,3M,exhibition-06.png
Brand new world,3A教室,3A,exhibition-18.png
LEGO ロボット相撲,3E教室,3E,exhibition-10.png
にほんとおーすとらりあ,5EJ教室,A,exhibition-19.png